r_square,axis,movement,sourceSessionIndex,targetSessionIndex,normalizedMethod,model,targetLength
0.60155475,x,velocity,0,1,None,Finetune,938
0.6465943,y,velocity,0,1,None,Finetune,938
0.65573573,x,velocity,0,1,None,MixCalibration,938
0.6892319,y,velocity,0,1,None,MixCalibration,938
0.648247,x,velocity,0,1,None,deepDomainComfuse,938
0.642177,y,velocity,0,1,None,deepDomainComfuse,938
0.6794259,x,velocity,0,1,None,domainAdversarial,938
0.72274274,y,velocity,0,1,None,domainAdversarial,938
0.6085291,x,velocity,0,1,None,Finetune,1875
0.68173426,y,velocity,0,1,None,Finetune,1875
0.6828975,x,velocity,0,1,None,MixCalibration,1875
0.71513414,y,velocity,0,1,None,MixCalibration,1875
0.6514629,x,velocity,0,1,None,deepDomainComfuse,1875
0.7116152,y,velocity,0,1,None,deepDomainComfuse,1875
0.63853407,x,velocity,0,1,None,domainAdversarial,1875
0.73439384,y,velocity,0,1,None,domainAdversarial,1875
0.66723156,x,velocity,0,1,None,Finetune,2813
0.73308134,y,velocity,0,1,None,Finetune,2813
0.6859412,x,velocity,0,1,None,MixCalibration,2813
0.71651006,y,velocity,0,1,None,MixCalibration,2813
0.6932579,x,velocity,0,1,None,deepDomainComfuse,2813
0.7311251,y,velocity,0,1,None,deepDomainComfuse,2813
0.73601633,x,velocity,0,1,None,domainAdversarial,2813
0.73389715,y,velocity,0,1,None,domainAdversarial,2813
0.69294393,x,velocity,0,1,None,Finetune,3750
0.72200876,y,velocity,0,1,None,Finetune,3750
0.71862763,x,velocity,0,1,None,MixCalibration,3750
0.7337197,y,velocity,0,1,None,MixCalibration,3750
0.6956333,x,velocity,0,1,None,deepDomainComfuse,3750
0.7409208,y,velocity,0,1,None,deepDomainComfuse,3750
0.74403095,x,velocity,0,1,None,domainAdversarial,3750
0.758989,y,velocity,0,1,None,domainAdversarial,3750
0.7428372,x,velocity,0,1,None,Finetune,4688
0.7558079,y,velocity,0,1,None,Finetune,4688
0.7316705,x,velocity,0,1,None,MixCalibration,4688
0.7545765,y,velocity,0,1,None,MixCalibration,4688
0.7159634,x,velocity,0,1,None,deepDomainComfuse,4688
0.73291767,y,velocity,0,1,None,deepDomainComfuse,4688
0.7608916,x,velocity,0,1,None,domainAdversarial,4688
0.74949193,y,velocity,0,1,None,domainAdversarial,4688
0.64935625,x,velocity,1,2,None,Finetune,938
0.6513802,y,velocity,1,2,None,Finetune,938
0.67875636,x,velocity,1,2,None,MixCalibration,938
0.69067085,y,velocity,1,2,None,MixCalibration,938
0.6797012,x,velocity,1,2,None,deepDomainComfuse,938
0.6775821,y,velocity,1,2,None,deepDomainComfuse,938
0.70721626,x,velocity,1,2,None,domainAdversarial,938
0.7291286,y,velocity,1,2,None,domainAdversarial,938
0.7228675,x,velocity,1,2,None,Finetune,1875
0.7328962,y,velocity,1,2,None,Finetune,1875
0.69718516,x,velocity,1,2,None,MixCalibration,1875
0.7056422,y,velocity,1,2,None,MixCalibration,1875
0.73132205,x,velocity,1,2,None,deepDomainComfuse,1875
0.7405747,y,velocity,1,2,None,deepDomainComfuse,1875
0.7187439,x,velocity,1,2,None,domainAdversarial,1875
0.6893327,y,velocity,1,2,None,domainAdversarial,1875
0.7198098,x,velocity,1,2,None,Finetune,2813
0.71928155,y,velocity,1,2,None,Finetune,2813
0.715289,x,velocity,1,2,None,MixCalibration,2813
0.7444174,y,velocity,1,2,None,MixCalibration,2813
0.7362112,x,velocity,1,2,None,deepDomainComfuse,2813
0.749074,y,velocity,1,2,None,deepDomainComfuse,2813
0.7403215,x,velocity,1,2,None,domainAdversarial,2813
0.7641898,y,velocity,1,2,None,domainAdversarial,2813
0.7356076,x,velocity,1,2,None,Finetune,3750
0.74911034,y,velocity,1,2,None,Finetune,3750
0.73932207,x,velocity,1,2,None,MixCalibration,3750
0.7790748,y,velocity,1,2,None,MixCalibration,3750
0.75084245,x,velocity,1,2,None,deepDomainComfuse,3750
0.78139997,y,velocity,1,2,None,deepDomainComfuse,3750
0.7505137,x,velocity,1,2,None,domainAdversarial,3750
0.7519343,y,velocity,1,2,None,domainAdversarial,3750
0.74558425,x,velocity,1,2,None,Finetune,4688
0.7772736,y,velocity,1,2,None,Finetune,4688
0.7639679,x,velocity,1,2,None,MixCalibration,4688
0.77457625,y,velocity,1,2,None,MixCalibration,4688
0.7597577,x,velocity,1,2,None,deepDomainComfuse,4688
0.7702983,y,velocity,1,2,None,deepDomainComfuse,4688
0.7656727,x,velocity,1,2,None,domainAdversarial,4688
0.772679,y,velocity,1,2,None,domainAdversarial,4688
0.5782876,x,velocity,2,3,None,Finetune,938
0.6164404,y,velocity,2,3,None,Finetune,938
0.5898411,x,velocity,2,3,None,MixCalibration,938
0.6211807,y,velocity,2,3,None,MixCalibration,938
0.5576309,x,velocity,2,3,None,deepDomainComfuse,938
0.59977734,y,velocity,2,3,None,deepDomainComfuse,938
0.6346111,x,velocity,2,3,None,domainAdversarial,938
0.6587128,y,velocity,2,3,None,domainAdversarial,938
0.6376982,x,velocity,2,3,None,Finetune,1875
0.71419126,y,velocity,2,3,None,Finetune,1875
0.62878764,x,velocity,2,3,None,MixCalibration,1875
0.7125391,y,velocity,2,3,None,MixCalibration,1875
0.6088686,x,velocity,2,3,None,deepDomainComfuse,1875
0.71398294,y,velocity,2,3,None,deepDomainComfuse,1875
0.6938822,x,velocity,2,3,None,domainAdversarial,1875
0.68107855,y,velocity,2,3,None,domainAdversarial,1875
0.6394917,x,velocity,2,3,None,Finetune,2813
0.7157165,y,velocity,2,3,None,Finetune,2813
0.6712198,x,velocity,2,3,None,MixCalibration,2813
0.74117947,y,velocity,2,3,None,MixCalibration,2813
0.66347444,x,velocity,2,3,None,deepDomainComfuse,2813
0.74503744,y,velocity,2,3,None,deepDomainComfuse,2813
0.7262465,x,velocity,2,3,None,domainAdversarial,2813
0.6978055,y,velocity,2,3,None,domainAdversarial,2813
0.67963195,x,velocity,2,3,None,Finetune,3750
0.71090966,y,velocity,2,3,None,Finetune,3750
0.6777649,x,velocity,2,3,None,MixCalibration,3750
0.7527535,y,velocity,2,3,None,MixCalibration,3750
0.7068037,x,velocity,2,3,None,deepDomainComfuse,3750
0.762473,y,velocity,2,3,None,deepDomainComfuse,3750
0.69581115,x,velocity,2,3,None,domainAdversarial,3750
0.76688385,y,velocity,2,3,None,domainAdversarial,3750
0.7072492,x,velocity,2,3,None,Finetune,4688
0.73512673,y,velocity,2,3,None,Finetune,4688
0.7059683,x,velocity,2,3,None,MixCalibration,4688
0.76015913,y,velocity,2,3,None,MixCalibration,4688
0.7034414,x,velocity,2,3,None,deepDomainComfuse,4688
0.758639,y,velocity,2,3,None,deepDomainComfuse,4688
0.6708947,x,velocity,2,3,None,domainAdversarial,4688
0.7693043,y,velocity,2,3,None,domainAdversarial,4688
0.6874507,x,velocity,3,4,None,Finetune,938
0.5883231,y,velocity,3,4,None,Finetune,938
0.67702985,x,velocity,3,4,None,MixCalibration,938
0.5820451,y,velocity,3,4,None,MixCalibration,938
0.652439,x,velocity,3,4,None,deepDomainComfuse,938
0.52878344,y,velocity,3,4,None,deepDomainComfuse,938
0.71326673,x,velocity,3,4,None,domainAdversarial,938
0.62222195,y,velocity,3,4,None,domainAdversarial,938
0.704152,x,velocity,3,4,None,Finetune,1875
0.58776605,y,velocity,3,4,None,Finetune,1875
0.72054005,x,velocity,3,4,None,MixCalibration,1875
0.6297267,y,velocity,3,4,None,MixCalibration,1875
0.66586554,x,velocity,3,4,None,deepDomainComfuse,1875
0.60510916,y,velocity,3,4,None,deepDomainComfuse,1875
0.7339058,x,velocity,3,4,None,domainAdversarial,1875
0.676908,y,velocity,3,4,None,domainAdversarial,1875
0.71654916,x,velocity,3,4,None,Finetune,2813
0.6216129,y,velocity,3,4,None,Finetune,2813
0.70575285,x,velocity,3,4,None,MixCalibration,2813
0.62512374,y,velocity,3,4,None,MixCalibration,2813
0.72630167,x,velocity,3,4,None,deepDomainComfuse,2813
0.6207035,y,velocity,3,4,None,deepDomainComfuse,2813
0.7469001,x,velocity,3,4,None,domainAdversarial,2813
0.6748522,y,velocity,3,4,None,domainAdversarial,2813
0.7312008,x,velocity,3,4,None,Finetune,3750
0.6627819,y,velocity,3,4,None,Finetune,3750
0.7512872,x,velocity,3,4,None,MixCalibration,3750
0.6557069,y,velocity,3,4,None,MixCalibration,3750
0.7382691,x,velocity,3,4,None,deepDomainComfuse,3750
0.671059,y,velocity,3,4,None,deepDomainComfuse,3750
0.7542285,x,velocity,3,4,None,domainAdversarial,3750
0.6864073,y,velocity,3,4,None,domainAdversarial,3750
0.7534096,x,velocity,3,4,None,Finetune,4688
0.64999914,y,velocity,3,4,None,Finetune,4688
0.74289334,x,velocity,3,4,None,MixCalibration,4688
0.7053087,y,velocity,3,4,None,MixCalibration,4688
0.7518357,x,velocity,3,4,None,deepDomainComfuse,4688
0.7273792,y,velocity,3,4,None,deepDomainComfuse,4688
0.79982674,x,velocity,3,4,None,domainAdversarial,4688
0.7060687,y,velocity,3,4,None,domainAdversarial,4688
0.64389324,x,velocity,4,5,None,Finetune,938
0.62225044,y,velocity,4,5,None,Finetune,938
0.7030803,x,velocity,4,5,None,MixCalibration,938
0.70780075,y,velocity,4,5,None,MixCalibration,938
0.68308604,x,velocity,4,5,None,deepDomainComfuse,938
0.6372982,y,velocity,4,5,None,deepDomainComfuse,938
0.7035794,x,velocity,4,5,None,domainAdversarial,938
0.6945524,y,velocity,4,5,None,domainAdversarial,938
0.6832771,x,velocity,4,5,None,Finetune,1875
0.6887555,y,velocity,4,5,None,Finetune,1875
0.7147143,x,velocity,4,5,None,MixCalibration,1875
0.71973467,y,velocity,4,5,None,MixCalibration,1875
0.6942619,x,velocity,4,5,None,deepDomainComfuse,1875
0.70584095,y,velocity,4,5,None,deepDomainComfuse,1875
0.71734715,x,velocity,4,5,None,domainAdversarial,1875
0.7236097,y,velocity,4,5,None,domainAdversarial,1875
0.71110284,x,velocity,4,5,None,Finetune,2813
0.71043193,y,velocity,4,5,None,Finetune,2813
0.73647213,x,velocity,4,5,None,MixCalibration,2813
0.74672484,y,velocity,4,5,None,MixCalibration,2813
0.6930089,x,velocity,4,5,None,deepDomainComfuse,2813
0.72047347,y,velocity,4,5,None,deepDomainComfuse,2813
0.73125994,x,velocity,4,5,None,domainAdversarial,2813
0.74080414,y,velocity,4,5,None,domainAdversarial,2813
0.71829295,x,velocity,4,5,None,Finetune,3750
0.7245935,y,velocity,4,5,None,Finetune,3750
0.73084265,x,velocity,4,5,None,MixCalibration,3750
0.7607169,y,velocity,4,5,None,MixCalibration,3750
0.73748714,x,velocity,4,5,None,deepDomainComfuse,3750
0.7482916,y,velocity,4,5,None,deepDomainComfuse,3750
0.74287045,x,velocity,4,5,None,domainAdversarial,3750
0.74086183,y,velocity,4,5,None,domainAdversarial,3750
0.7214922,x,velocity,4,5,None,Finetune,4688
0.7445868,y,velocity,4,5,None,Finetune,4688
0.7320198,x,velocity,4,5,None,MixCalibration,4688
0.75757116,y,velocity,4,5,None,MixCalibration,4688
0.7294902,x,velocity,4,5,None,deepDomainComfuse,4688
0.7544069,y,velocity,4,5,None,deepDomainComfuse,4688
0.7768761,x,velocity,4,5,None,domainAdversarial,4688
0.7808136,y,velocity,4,5,None,domainAdversarial,4688
0.6664837,x,velocity,5,6,None,Finetune,938
0.61638904,y,velocity,5,6,None,Finetune,938
0.6829819,x,velocity,5,6,None,MixCalibration,938
0.66545016,y,velocity,5,6,None,MixCalibration,938
0.6574775,x,velocity,5,6,None,deepDomainComfuse,938
0.61993057,y,velocity,5,6,None,deepDomainComfuse,938
0.6563351,x,velocity,5,6,None,domainAdversarial,938
0.67488337,y,velocity,5,6,None,domainAdversarial,938
0.6801349,x,velocity,5,6,None,Finetune,1875
0.6447492,y,velocity,5,6,None,Finetune,1875
0.7107513,x,velocity,5,6,None,MixCalibration,1875
0.65869963,y,velocity,5,6,None,MixCalibration,1875
0.69778156,x,velocity,5,6,None,deepDomainComfuse,1875
0.6824198,y,velocity,5,6,None,deepDomainComfuse,1875
0.6837748,x,velocity,5,6,None,domainAdversarial,1875
0.6439041,y,velocity,5,6,None,domainAdversarial,1875
0.69497,x,velocity,5,6,None,Finetune,2813
0.67535627,y,velocity,5,6,None,Finetune,2813
0.70945334,x,velocity,5,6,None,MixCalibration,2813
0.6620151,y,velocity,5,6,None,MixCalibration,2813
0.69098425,x,velocity,5,6,None,deepDomainComfuse,2813
0.6847384,y,velocity,5,6,None,deepDomainComfuse,2813
0.72063965,x,velocity,5,6,None,domainAdversarial,2813
0.68938965,y,velocity,5,6,None,domainAdversarial,2813
0.7369104,x,velocity,5,6,None,Finetune,3750
0.7073597,y,velocity,5,6,None,Finetune,3750
0.73512334,x,velocity,5,6,None,MixCalibration,3750
0.7209762,y,velocity,5,6,None,MixCalibration,3750
0.7393687,x,velocity,5,6,None,deepDomainComfuse,3750
0.7183146,y,velocity,5,6,None,deepDomainComfuse,3750
0.7417224,x,velocity,5,6,None,domainAdversarial,3750
0.71135026,y,velocity,5,6,None,domainAdversarial,3750
0.7125343,x,velocity,5,6,None,Finetune,4688
0.70333445,y,velocity,5,6,None,Finetune,4688
0.71715343,x,velocity,5,6,None,MixCalibration,4688
0.68309164,y,velocity,5,6,None,MixCalibration,4688
0.718036,x,velocity,5,6,None,deepDomainComfuse,4688
0.7185937,y,velocity,5,6,None,deepDomainComfuse,4688
0.74716777,x,velocity,5,6,None,domainAdversarial,4688
0.6999251,y,velocity,5,6,None,domainAdversarial,4688
0.0016525388,x,velocity,6,7,None,Finetune,938
-2.503395e-06,y,velocity,6,7,None,Finetune,938
0.08075899,x,velocity,6,7,None,MixCalibration,938
0.133237,y,velocity,6,7,None,MixCalibration,938
0.0708155,x,velocity,6,7,None,deepDomainComfuse,938
0.09277964,y,velocity,6,7,None,deepDomainComfuse,938
0.10930437,x,velocity,6,7,None,domainAdversarial,938
0.08412188,y,velocity,6,7,None,domainAdversarial,938
0.1307311,x,velocity,6,7,None,Finetune,1875
0.26993084,y,velocity,6,7,None,Finetune,1875
0.27392858,x,velocity,6,7,None,MixCalibration,1875
0.4129296,y,velocity,6,7,None,MixCalibration,1875
0.28602934,x,velocity,6,7,None,deepDomainComfuse,1875
0.4119268,y,velocity,6,7,None,deepDomainComfuse,1875
0.3150161,x,velocity,6,7,None,domainAdversarial,1875
0.30451888,y,velocity,6,7,None,domainAdversarial,1875
0.3835641,x,velocity,6,7,None,Finetune,2813
0.43071055,y,velocity,6,7,None,Finetune,2813
0.4313646,x,velocity,6,7,None,MixCalibration,2813
0.48871458,y,velocity,6,7,None,MixCalibration,2813
0.4761052,x,velocity,6,7,None,deepDomainComfuse,2813
0.4556684,y,velocity,6,7,None,deepDomainComfuse,2813
0.5550773,x,velocity,6,7,None,domainAdversarial,2813
0.53703356,y,velocity,6,7,None,domainAdversarial,2813
0.4714048,x,velocity,6,7,None,Finetune,3750
0.45282483,y,velocity,6,7,None,Finetune,3750
0.574294,x,velocity,6,7,None,MixCalibration,3750
0.56990945,y,velocity,6,7,None,MixCalibration,3750
0.576552,x,velocity,6,7,None,deepDomainComfuse,3750
0.49369723,y,velocity,6,7,None,deepDomainComfuse,3750
0.6017071,x,velocity,6,7,None,domainAdversarial,3750
0.5719179,y,velocity,6,7,None,domainAdversarial,3750
0.647486,x,velocity,6,7,None,Finetune,4688
0.5906193,y,velocity,6,7,None,Finetune,4688
0.6216553,x,velocity,6,7,None,MixCalibration,4688
0.57258666,y,velocity,6,7,None,MixCalibration,4688
0.6465739,x,velocity,6,7,None,deepDomainComfuse,4688
0.58960444,y,velocity,6,7,None,deepDomainComfuse,4688
0.69333494,x,velocity,6,7,None,domainAdversarial,4688
0.6321173,y,velocity,6,7,None,domainAdversarial,4688
0.43202186,x,velocity,7,8,None,Finetune,938
0.5985694,y,velocity,7,8,None,Finetune,938
0.40683365,x,velocity,7,8,None,MixCalibration,938
0.606822,y,velocity,7,8,None,MixCalibration,938
0.3716421,x,velocity,7,8,None,deepDomainComfuse,938
0.5960084,y,velocity,7,8,None,deepDomainComfuse,938
0.48131776,x,velocity,7,8,None,domainAdversarial,938
0.61445665,y,velocity,7,8,None,domainAdversarial,938
0.5580063,x,velocity,7,8,None,Finetune,1875
0.6676239,y,velocity,7,8,None,Finetune,1875
0.54966533,x,velocity,7,8,None,MixCalibration,1875
0.670249,y,velocity,7,8,None,MixCalibration,1875
0.5283971,x,velocity,7,8,None,deepDomainComfuse,1875
0.6368714,y,velocity,7,8,None,deepDomainComfuse,1875
0.5189959,x,velocity,7,8,None,domainAdversarial,1875
0.64403903,y,velocity,7,8,None,domainAdversarial,1875
0.5499685,x,velocity,7,8,None,Finetune,2813
0.7087081,y,velocity,7,8,None,Finetune,2813
0.58209217,x,velocity,7,8,None,MixCalibration,2813
0.6951459,y,velocity,7,8,None,MixCalibration,2813
0.53784424,x,velocity,7,8,None,deepDomainComfuse,2813
0.684886,y,velocity,7,8,None,deepDomainComfuse,2813
0.57283074,x,velocity,7,8,None,domainAdversarial,2813
0.68254626,y,velocity,7,8,None,domainAdversarial,2813
0.5761241,x,velocity,7,8,None,Finetune,3750
0.68497705,y,velocity,7,8,None,Finetune,3750
0.5646732,x,velocity,7,8,None,MixCalibration,3750
0.710042,y,velocity,7,8,None,MixCalibration,3750
0.5839557,x,velocity,7,8,None,deepDomainComfuse,3750
0.7066301,y,velocity,7,8,None,deepDomainComfuse,3750
0.6154079,x,velocity,7,8,None,domainAdversarial,3750
0.7022872,y,velocity,7,8,None,domainAdversarial,3750
0.58640385,x,velocity,7,8,None,Finetune,4688
0.72569764,y,velocity,7,8,None,Finetune,4688
0.6141257,x,velocity,7,8,None,MixCalibration,4688
0.73852646,y,velocity,7,8,None,MixCalibration,4688
0.60650456,x,velocity,7,8,None,deepDomainComfuse,4688
0.7356089,y,velocity,7,8,None,deepDomainComfuse,4688
0.6488278,x,velocity,7,8,None,domainAdversarial,4688
0.75367,y,velocity,7,8,None,domainAdversarial,4688
0.525535,x,velocity,8,9,None,Finetune,938
0.7084911,y,velocity,8,9,None,Finetune,938
0.54967403,x,velocity,8,9,None,MixCalibration,938
0.7652391,y,velocity,8,9,None,MixCalibration,938
0.523131,x,velocity,8,9,None,deepDomainComfuse,938
0.72122085,y,velocity,8,9,None,deepDomainComfuse,938
0.58014035,x,velocity,8,9,None,domainAdversarial,938
0.75041693,y,velocity,8,9,None,domainAdversarial,938
0.57205206,x,velocity,8,9,None,Finetune,1875
0.72326505,y,velocity,8,9,None,Finetune,1875
0.63024837,x,velocity,8,9,None,MixCalibration,1875
0.7672092,y,velocity,8,9,None,MixCalibration,1875
0.5879123,x,velocity,8,9,None,deepDomainComfuse,1875
0.7392167,y,velocity,8,9,None,deepDomainComfuse,1875
0.60284585,x,velocity,8,9,None,domainAdversarial,1875
0.77561444,y,velocity,8,9,None,domainAdversarial,1875
0.56229955,x,velocity,8,9,None,Finetune,2813
0.76119894,y,velocity,8,9,None,Finetune,2813
0.6579593,x,velocity,8,9,None,MixCalibration,2813
0.8053503,y,velocity,8,9,None,MixCalibration,2813
0.6341067,x,velocity,8,9,None,deepDomainComfuse,2813
0.7953081,y,velocity,8,9,None,deepDomainComfuse,2813
0.670684,x,velocity,8,9,None,domainAdversarial,2813
0.80514604,y,velocity,8,9,None,domainAdversarial,2813
0.6326248,x,velocity,8,9,None,Finetune,3750
0.77108413,y,velocity,8,9,None,Finetune,3750
0.63480437,x,velocity,8,9,None,MixCalibration,3750
0.7948998,y,velocity,8,9,None,MixCalibration,3750
0.6660204,x,velocity,8,9,None,deepDomainComfuse,3750
0.79697645,y,velocity,8,9,None,deepDomainComfuse,3750
0.6594917,x,velocity,8,9,None,domainAdversarial,3750
0.8051251,y,velocity,8,9,None,domainAdversarial,3750
0.6431994,x,velocity,8,9,None,Finetune,4688
0.7963268,y,velocity,8,9,None,Finetune,4688
0.676214,x,velocity,8,9,None,MixCalibration,4688
0.8221795,y,velocity,8,9,None,MixCalibration,4688
0.68247235,x,velocity,8,9,None,deepDomainComfuse,4688
0.82366204,y,velocity,8,9,None,deepDomainComfuse,4688
0.70048356,x,velocity,8,9,None,domainAdversarial,4688
0.83287805,y,velocity,8,9,None,domainAdversarial,4688
0.20541024,x,velocity,9,10,None,Finetune,938
0.42057014,y,velocity,9,10,None,Finetune,938
0.23492235,x,velocity,9,10,None,MixCalibration,938
0.43714923,y,velocity,9,10,None,MixCalibration,938
0.16555727,x,velocity,9,10,None,deepDomainComfuse,938
0.34803486,y,velocity,9,10,None,deepDomainComfuse,938
0.16404766,x,velocity,9,10,None,domainAdversarial,938
0.35761452,y,velocity,9,10,None,domainAdversarial,938
0.40007782,x,velocity,9,10,None,Finetune,1875
0.61353374,y,velocity,9,10,None,Finetune,1875
0.34734845,x,velocity,9,10,None,MixCalibration,1875
0.54611063,y,velocity,9,10,None,MixCalibration,1875
0.3395341,x,velocity,9,10,None,deepDomainComfuse,1875
0.5351584,y,velocity,9,10,None,deepDomainComfuse,1875
0.42358422,x,velocity,9,10,None,domainAdversarial,1875
0.6188246,y,velocity,9,10,None,domainAdversarial,1875
0.41333586,x,velocity,9,10,None,Finetune,2813
0.64944994,y,velocity,9,10,None,Finetune,2813
0.4357103,x,velocity,9,10,None,MixCalibration,2813
0.6329042,y,velocity,9,10,None,MixCalibration,2813
0.42823797,x,velocity,9,10,None,deepDomainComfuse,2813
0.5709511,y,velocity,9,10,None,deepDomainComfuse,2813
0.4945917,x,velocity,9,10,None,domainAdversarial,2813
0.6741066,y,velocity,9,10,None,domainAdversarial,2813
0.4469037,x,velocity,9,10,None,Finetune,3750
0.67850924,y,velocity,9,10,None,Finetune,3750
0.43607563,x,velocity,9,10,None,MixCalibration,3750
0.6767478,y,velocity,9,10,None,MixCalibration,3750
0.4361658,x,velocity,9,10,None,deepDomainComfuse,3750
0.6985004,y,velocity,9,10,None,deepDomainComfuse,3750
0.5719598,x,velocity,9,10,None,domainAdversarial,3750
0.72060263,y,velocity,9,10,None,domainAdversarial,3750
0.5087662,x,velocity,9,10,None,Finetune,4688
0.7230513,y,velocity,9,10,None,Finetune,4688
0.47663015,x,velocity,9,10,None,MixCalibration,4688
0.710598,y,velocity,9,10,None,MixCalibration,4688
0.48914778,x,velocity,9,10,None,deepDomainComfuse,4688
0.70305634,y,velocity,9,10,None,deepDomainComfuse,4688
0.58948106,x,velocity,9,10,None,domainAdversarial,4688
0.76464367,y,velocity,9,10,None,domainAdversarial,4688
0.39943552,x,velocity,10,11,None,Finetune,938
0.587312,y,velocity,10,11,None,Finetune,938
0.46682143,x,velocity,10,11,None,MixCalibration,938
0.61201537,y,velocity,10,11,None,MixCalibration,938
0.38996834,x,velocity,10,11,None,deepDomainComfuse,938
0.5586772,y,velocity,10,11,None,deepDomainComfuse,938
0.5025381,x,velocity,10,11,None,domainAdversarial,938
0.56687725,y,velocity,10,11,None,domainAdversarial,938
0.5415593,x,velocity,10,11,None,Finetune,1875
0.62395215,y,velocity,10,11,None,Finetune,1875
0.5550902,x,velocity,10,11,None,MixCalibration,1875
0.6617627,y,velocity,10,11,None,MixCalibration,1875
0.51660573,x,velocity,10,11,None,deepDomainComfuse,1875
0.6087452,y,velocity,10,11,None,deepDomainComfuse,1875
0.64555275,x,velocity,10,11,None,domainAdversarial,1875
0.6802459,y,velocity,10,11,None,domainAdversarial,1875
0.652058,x,velocity,10,11,None,Finetune,2813
0.72681355,y,velocity,10,11,None,Finetune,2813
0.6391143,x,velocity,10,11,None,MixCalibration,2813
0.73299944,y,velocity,10,11,None,MixCalibration,2813
0.645774,x,velocity,10,11,None,deepDomainComfuse,2813
0.7201426,y,velocity,10,11,None,deepDomainComfuse,2813
0.69268084,x,velocity,10,11,None,domainAdversarial,2813
0.7347663,y,velocity,10,11,None,domainAdversarial,2813
0.6418217,x,velocity,10,11,None,Finetune,3750
0.7442994,y,velocity,10,11,None,Finetune,3750
0.67035997,x,velocity,10,11,None,MixCalibration,3750
0.7529305,y,velocity,10,11,None,MixCalibration,3750
0.65165395,x,velocity,10,11,None,deepDomainComfuse,3750
0.7429925,y,velocity,10,11,None,deepDomainComfuse,3750
0.7210903,x,velocity,10,11,None,domainAdversarial,3750
0.78758496,y,velocity,10,11,None,domainAdversarial,3750
0.67341346,x,velocity,10,11,None,Finetune,4688
0.752019,y,velocity,10,11,None,Finetune,4688
0.6520915,x,velocity,10,11,None,MixCalibration,4688
0.76651335,y,velocity,10,11,None,MixCalibration,4688
0.6967652,x,velocity,10,11,None,deepDomainComfuse,4688
0.75797623,y,velocity,10,11,None,deepDomainComfuse,4688
0.7298634,x,velocity,10,11,None,domainAdversarial,4688
0.79295194,y,velocity,10,11,None,domainAdversarial,4688
0.66330546,x,velocity,11,12,None,Finetune,938
0.72095215,y,velocity,11,12,None,Finetune,938
0.7014737,x,velocity,11,12,None,MixCalibration,938
0.75477964,y,velocity,11,12,None,MixCalibration,938
0.64193153,x,velocity,11,12,None,deepDomainComfuse,938
0.74073803,y,velocity,11,12,None,deepDomainComfuse,938
0.6714693,x,velocity,11,12,None,domainAdversarial,938
0.7922512,y,velocity,11,12,None,domainAdversarial,938
0.638311,x,velocity,11,12,None,Finetune,1875
0.7517192,y,velocity,11,12,None,Finetune,1875
0.7240629,x,velocity,11,12,None,MixCalibration,1875
0.79069924,y,velocity,11,12,None,MixCalibration,1875
0.68391263,x,velocity,11,12,None,deepDomainComfuse,1875
0.7669983,y,velocity,11,12,None,deepDomainComfuse,1875
0.7144599,x,velocity,11,12,None,domainAdversarial,1875
0.81125855,y,velocity,11,12,None,domainAdversarial,1875
0.7155241,x,velocity,11,12,None,Finetune,2813
0.8141994,y,velocity,11,12,None,Finetune,2813
0.70613694,x,velocity,11,12,None,MixCalibration,2813
0.8077027,y,velocity,11,12,None,MixCalibration,2813
0.72126055,x,velocity,11,12,None,deepDomainComfuse,2813
0.8114278,y,velocity,11,12,None,deepDomainComfuse,2813
0.75888693,x,velocity,11,12,None,domainAdversarial,2813
0.82784605,y,velocity,11,12,None,domainAdversarial,2813
0.73565376,x,velocity,11,12,None,Finetune,3750
0.8148349,y,velocity,11,12,None,Finetune,3750
0.7424913,x,velocity,11,12,None,MixCalibration,3750
0.81501675,y,velocity,11,12,None,MixCalibration,3750
0.7456827,x,velocity,11,12,None,deepDomainComfuse,3750
0.84472287,y,velocity,11,12,None,deepDomainComfuse,3750
0.76253617,x,velocity,11,12,None,domainAdversarial,3750
0.85622036,y,velocity,11,12,None,domainAdversarial,3750
0.7280072,x,velocity,11,12,None,Finetune,4688
0.82898355,y,velocity,11,12,None,Finetune,4688
0.73423326,x,velocity,11,12,None,MixCalibration,4688
0.83668834,y,velocity,11,12,None,MixCalibration,4688
0.7409926,x,velocity,11,12,None,deepDomainComfuse,4688
0.84401727,y,velocity,11,12,None,deepDomainComfuse,4688
0.7844032,x,velocity,11,12,None,domainAdversarial,4688
0.86081046,y,velocity,11,12,None,domainAdversarial,4688
0.532898,x,velocity,12,13,None,Finetune,938
0.72945225,y,velocity,12,13,None,Finetune,938
0.52965474,x,velocity,12,13,None,MixCalibration,938
0.74622965,y,velocity,12,13,None,MixCalibration,938
0.43769938,x,velocity,12,13,None,deepDomainComfuse,938
0.6452261,y,velocity,12,13,None,deepDomainComfuse,938
0.4929459,x,velocity,12,13,None,domainAdversarial,938
0.7644892,y,velocity,12,13,None,domainAdversarial,938
0.5228275,x,velocity,12,13,None,Finetune,1875
0.7559141,y,velocity,12,13,None,Finetune,1875
0.54276276,x,velocity,12,13,None,MixCalibration,1875
0.8062345,y,velocity,12,13,None,MixCalibration,1875
0.46669185,x,velocity,12,13,None,deepDomainComfuse,1875
0.76148844,y,velocity,12,13,None,deepDomainComfuse,1875
0.5326656,x,velocity,12,13,None,domainAdversarial,1875
0.82998806,y,velocity,12,13,None,domainAdversarial,1875
0.59323025,x,velocity,12,13,None,Finetune,2813
0.82672703,y,velocity,12,13,None,Finetune,2813
0.6559843,x,velocity,12,13,None,MixCalibration,2813
0.8173367,y,velocity,12,13,None,MixCalibration,2813
0.5902195,x,velocity,12,13,None,deepDomainComfuse,2813
0.83219004,y,velocity,12,13,None,deepDomainComfuse,2813
0.64691246,x,velocity,12,13,None,domainAdversarial,2813
0.86457765,y,velocity,12,13,None,domainAdversarial,2813
0.6654726,x,velocity,12,13,None,Finetune,3750
0.8317579,y,velocity,12,13,None,Finetune,3750
0.67379475,x,velocity,12,13,None,MixCalibration,3750
0.84625864,y,velocity,12,13,None,MixCalibration,3750
0.7009691,x,velocity,12,13,None,deepDomainComfuse,3750
0.8594285,y,velocity,12,13,None,deepDomainComfuse,3750
0.6872283,x,velocity,12,13,None,domainAdversarial,3750
0.8685162,y,velocity,12,13,None,domainAdversarial,3750
0.70563674,x,velocity,12,13,None,Finetune,4688
0.8491614,y,velocity,12,13,None,Finetune,4688
0.69884497,x,velocity,12,13,None,MixCalibration,4688
0.8682674,y,velocity,12,13,None,MixCalibration,4688
0.7082702,x,velocity,12,13,None,deepDomainComfuse,4688
0.86526614,y,velocity,12,13,None,deepDomainComfuse,4688
0.70863485,x,velocity,12,13,None,domainAdversarial,4688
0.87659043,y,velocity,12,13,None,domainAdversarial,4688
0.65728974,x,velocity,13,14,None,Finetune,938
0.80275583,y,velocity,13,14,None,Finetune,938
0.7016058,x,velocity,13,14,None,MixCalibration,938
0.79560167,y,velocity,13,14,None,MixCalibration,938
0.649609,x,velocity,13,14,None,deepDomainComfuse,938
0.759601,y,velocity,13,14,None,deepDomainComfuse,938
0.7270551,x,velocity,13,14,None,domainAdversarial,938
0.81433034,y,velocity,13,14,None,domainAdversarial,938
0.7530464,x,velocity,13,14,None,Finetune,1875
0.830084,y,velocity,13,14,None,Finetune,1875
0.7562187,x,velocity,13,14,None,MixCalibration,1875
0.7939845,y,velocity,13,14,None,MixCalibration,1875
0.72369844,x,velocity,13,14,None,deepDomainComfuse,1875
0.7872008,y,velocity,13,14,None,deepDomainComfuse,1875
0.78470474,x,velocity,13,14,None,domainAdversarial,1875
0.8279886,y,velocity,13,14,None,domainAdversarial,1875
0.77808493,x,velocity,13,14,None,Finetune,2813
0.8260936,y,velocity,13,14,None,Finetune,2813
0.7985885,x,velocity,13,14,None,MixCalibration,2813
0.83092874,y,velocity,13,14,None,MixCalibration,2813
0.75496507,x,velocity,13,14,None,deepDomainComfuse,2813
0.8248421,y,velocity,13,14,None,deepDomainComfuse,2813
0.8106215,x,velocity,13,14,None,domainAdversarial,2813
0.854717,y,velocity,13,14,None,domainAdversarial,2813
0.7797148,x,velocity,13,14,None,Finetune,3750
0.85073054,y,velocity,13,14,None,Finetune,3750
0.79114765,x,velocity,13,14,None,MixCalibration,3750
0.82957596,y,velocity,13,14,None,MixCalibration,3750
0.7916273,x,velocity,13,14,None,deepDomainComfuse,3750
0.8405956,y,velocity,13,14,None,deepDomainComfuse,3750
0.7988584,x,velocity,13,14,None,domainAdversarial,3750
0.87261534,y,velocity,13,14,None,domainAdversarial,3750
0.78184825,x,velocity,13,14,None,Finetune,4688
0.84646064,y,velocity,13,14,None,Finetune,4688
0.8081228,x,velocity,13,14,None,MixCalibration,4688
0.8508425,y,velocity,13,14,None,MixCalibration,4688
0.7870966,x,velocity,13,14,None,deepDomainComfuse,4688
0.85136914,y,velocity,13,14,None,deepDomainComfuse,4688
0.8259435,x,velocity,13,14,None,domainAdversarial,4688
0.86983645,y,velocity,13,14,None,domainAdversarial,4688
0.48768377,x,velocity,14,15,None,Finetune,938
0.67302084,y,velocity,14,15,None,Finetune,938
0.69655067,x,velocity,14,15,None,MixCalibration,938
0.77207386,y,velocity,14,15,None,MixCalibration,938
0.6862439,x,velocity,14,15,None,deepDomainComfuse,938
0.77476764,y,velocity,14,15,None,deepDomainComfuse,938
0.71984756,x,velocity,14,15,None,domainAdversarial,938
0.7584548,y,velocity,14,15,None,domainAdversarial,938
0.5944761,x,velocity,14,15,None,Finetune,1875
0.65188456,y,velocity,14,15,None,Finetune,1875
0.7209246,x,velocity,14,15,None,MixCalibration,1875
0.79045403,y,velocity,14,15,None,MixCalibration,1875
0.7127025,x,velocity,14,15,None,deepDomainComfuse,1875
0.7573532,y,velocity,14,15,None,deepDomainComfuse,1875
0.74224734,x,velocity,14,15,None,domainAdversarial,1875
0.77067024,y,velocity,14,15,None,domainAdversarial,1875
0.67914414,x,velocity,14,15,None,Finetune,2813
0.71362495,y,velocity,14,15,None,Finetune,2813
0.728909,x,velocity,14,15,None,MixCalibration,2813
0.77007693,y,velocity,14,15,None,MixCalibration,2813
0.73024225,x,velocity,14,15,None,deepDomainComfuse,2813
0.7994858,y,velocity,14,15,None,deepDomainComfuse,2813
0.7458564,x,velocity,14,15,None,domainAdversarial,2813
0.78790283,y,velocity,14,15,None,domainAdversarial,2813
0.6646671,x,velocity,14,15,None,Finetune,3750
0.7380132,y,velocity,14,15,None,Finetune,3750
0.748052,x,velocity,14,15,None,MixCalibration,3750
0.775005,y,velocity,14,15,None,MixCalibration,3750
0.7138326,x,velocity,14,15,None,deepDomainComfuse,3750
0.78322893,y,velocity,14,15,None,deepDomainComfuse,3750
0.7693412,x,velocity,14,15,None,domainAdversarial,3750
0.78644884,y,velocity,14,15,None,domainAdversarial,3750
0.7189082,x,velocity,14,15,None,Finetune,4688
0.7626898,y,velocity,14,15,None,Finetune,4688
0.7566452,x,velocity,14,15,None,MixCalibration,4688
0.8273801,y,velocity,14,15,None,MixCalibration,4688
0.74354887,x,velocity,14,15,None,deepDomainComfuse,4688
0.8160727,y,velocity,14,15,None,deepDomainComfuse,4688
0.7648688,x,velocity,14,15,None,domainAdversarial,4688
0.80148923,y,velocity,14,15,None,domainAdversarial,4688
0.5906061,x,velocity,15,16,None,Finetune,938
0.668093,y,velocity,15,16,None,Finetune,938
0.49816585,x,velocity,15,16,None,MixCalibration,938
0.5783683,y,velocity,15,16,None,MixCalibration,938
0.5355292,x,velocity,15,16,None,deepDomainComfuse,938
0.64292496,y,velocity,15,16,None,deepDomainComfuse,938
0.6313617,x,velocity,15,16,None,domainAdversarial,938
0.75231177,y,velocity,15,16,None,domainAdversarial,938
0.67755073,x,velocity,15,16,None,Finetune,1875
0.68739915,y,velocity,15,16,None,Finetune,1875
0.53716713,x,velocity,15,16,None,MixCalibration,1875
0.5819026,y,velocity,15,16,None,MixCalibration,1875
0.65592265,x,velocity,15,16,None,deepDomainComfuse,1875
0.7090323,y,velocity,15,16,None,deepDomainComfuse,1875
0.6968156,x,velocity,15,16,None,domainAdversarial,1875
0.72656244,y,velocity,15,16,None,domainAdversarial,1875
0.69637364,x,velocity,15,16,None,Finetune,2813
0.7264682,y,velocity,15,16,None,Finetune,2813
0.42651498,x,velocity,15,16,None,MixCalibration,2813
0.50325346,y,velocity,15,16,None,MixCalibration,2813
0.71458393,x,velocity,15,16,None,deepDomainComfuse,2813
0.7277731,y,velocity,15,16,None,deepDomainComfuse,2813
0.7484448,x,velocity,15,16,None,domainAdversarial,2813
0.7513601,y,velocity,15,16,None,domainAdversarial,2813
0.7323943,x,velocity,15,16,None,Finetune,3750
0.7538187,y,velocity,15,16,None,Finetune,3750
0.5253224,x,velocity,15,16,None,MixCalibration,3750
0.56338346,y,velocity,15,16,None,MixCalibration,3750
0.7217511,x,velocity,15,16,None,deepDomainComfuse,3750
0.7693558,y,velocity,15,16,None,deepDomainComfuse,3750
0.74430573,x,velocity,15,16,None,domainAdversarial,3750
0.7423315,y,velocity,15,16,None,domainAdversarial,3750
0.7343899,x,velocity,15,16,None,Finetune,4688
0.7522655,y,velocity,15,16,None,Finetune,4688
0.49463844,x,velocity,15,16,None,MixCalibration,4688
0.5609963,y,velocity,15,16,None,MixCalibration,4688
0.74237466,x,velocity,15,16,None,deepDomainComfuse,4688
0.7761754,y,velocity,15,16,None,deepDomainComfuse,4688
0.76685,x,velocity,15,16,None,domainAdversarial,4688
0.790176,y,velocity,15,16,None,domainAdversarial,4688
0.67533714,x,velocity,16,17,None,Finetune,938
0.73822945,y,velocity,16,17,None,Finetune,938
0.6514182,x,velocity,16,17,None,MixCalibration,938
0.8031503,y,velocity,16,17,None,MixCalibration,938
0.6705811,x,velocity,16,17,None,deepDomainComfuse,938
0.7908337,y,velocity,16,17,None,deepDomainComfuse,938
0.6837142,x,velocity,16,17,None,domainAdversarial,938
0.82085025,y,velocity,16,17,None,domainAdversarial,938
0.64829004,x,velocity,16,17,None,Finetune,1875
0.8001373,y,velocity,16,17,None,Finetune,1875
0.65304494,x,velocity,16,17,None,MixCalibration,1875
0.81665885,y,velocity,16,17,None,MixCalibration,1875
0.6650815,x,velocity,16,17,None,deepDomainComfuse,1875
0.8139689,y,velocity,16,17,None,deepDomainComfuse,1875
0.71666795,x,velocity,16,17,None,domainAdversarial,1875
0.8203949,y,velocity,16,17,None,domainAdversarial,1875
0.68201935,x,velocity,16,17,None,Finetune,2813
0.80915993,y,velocity,16,17,None,Finetune,2813
0.6725937,x,velocity,16,17,None,MixCalibration,2813
0.81054,y,velocity,16,17,None,MixCalibration,2813
0.7043463,x,velocity,16,17,None,deepDomainComfuse,2813
0.8321303,y,velocity,16,17,None,deepDomainComfuse,2813
0.7073417,x,velocity,16,17,None,domainAdversarial,2813
0.8395486,y,velocity,16,17,None,domainAdversarial,2813
0.6823102,x,velocity,16,17,None,Finetune,3750
0.7945434,y,velocity,16,17,None,Finetune,3750
0.6412992,x,velocity,16,17,None,MixCalibration,3750
0.79570454,y,velocity,16,17,None,MixCalibration,3750
0.70963776,x,velocity,16,17,None,deepDomainComfuse,3750
0.83050203,y,velocity,16,17,None,deepDomainComfuse,3750
0.6989889,x,velocity,16,17,None,domainAdversarial,3750
0.8198644,y,velocity,16,17,None,domainAdversarial,3750
0.69133496,x,velocity,16,17,None,Finetune,4688
0.82248396,y,velocity,16,17,None,Finetune,4688
0.6715913,x,velocity,16,17,None,MixCalibration,4688
0.7894097,y,velocity,16,17,None,MixCalibration,4688
0.7366285,x,velocity,16,17,None,deepDomainComfuse,4688
0.83798885,y,velocity,16,17,None,deepDomainComfuse,4688
0.7404338,x,velocity,16,17,None,domainAdversarial,4688
0.8598526,y,velocity,16,17,None,domainAdversarial,4688
0.4906355,x,velocity,17,18,None,Finetune,938
0.6238495,y,velocity,17,18,None,Finetune,938
0.46398735,x,velocity,17,18,None,MixCalibration,938
0.60666454,y,velocity,17,18,None,MixCalibration,938
0.4705937,x,velocity,17,18,None,deepDomainComfuse,938
0.56411767,y,velocity,17,18,None,deepDomainComfuse,938
0.53238297,x,velocity,17,18,None,domainAdversarial,938
0.6763952,y,velocity,17,18,None,domainAdversarial,938
0.5895891,x,velocity,17,18,None,Finetune,1875
0.71669245,y,velocity,17,18,None,Finetune,1875
0.4737891,x,velocity,17,18,None,MixCalibration,1875
0.56378317,y,velocity,17,18,None,MixCalibration,1875
0.5314475,x,velocity,17,18,None,deepDomainComfuse,1875
0.74697673,y,velocity,17,18,None,deepDomainComfuse,1875
0.6126173,x,velocity,17,18,None,domainAdversarial,1875
0.78394544,y,velocity,17,18,None,domainAdversarial,1875
0.5898528,x,velocity,17,18,None,Finetune,2813
0.76776236,y,velocity,17,18,None,Finetune,2813
0.43502152,x,velocity,17,18,None,MixCalibration,2813
0.5406374,y,velocity,17,18,None,MixCalibration,2813
0.608442,x,velocity,17,18,None,deepDomainComfuse,2813
0.78781664,y,velocity,17,18,None,deepDomainComfuse,2813
0.6378217,x,velocity,17,18,None,domainAdversarial,2813
0.81230426,y,velocity,17,18,None,domainAdversarial,2813
0.56319225,x,velocity,17,18,None,Finetune,3750
0.77470696,y,velocity,17,18,None,Finetune,3750
0.4227906,x,velocity,17,18,None,MixCalibration,3750
0.57025194,y,velocity,17,18,None,MixCalibration,3750
0.57817614,x,velocity,17,18,None,deepDomainComfuse,3750
0.7655858,y,velocity,17,18,None,deepDomainComfuse,3750
0.64806134,x,velocity,17,18,None,domainAdversarial,3750
0.84110045,y,velocity,17,18,None,domainAdversarial,3750
0.6466181,x,velocity,17,18,None,Finetune,4688
0.8133985,y,velocity,17,18,None,Finetune,4688
0.39277446,x,velocity,17,18,None,MixCalibration,4688
0.49084795,y,velocity,17,18,None,MixCalibration,4688
0.6016153,x,velocity,17,18,None,deepDomainComfuse,4688
0.8080646,y,velocity,17,18,None,deepDomainComfuse,4688
0.7092149,x,velocity,17,18,None,domainAdversarial,4688
0.8498617,y,velocity,17,18,None,domainAdversarial,4688
0.57590926,x,velocity,18,19,None,Finetune,938
0.6354668,y,velocity,18,19,None,Finetune,938
0.34178883,x,velocity,18,19,None,MixCalibration,938
0.6052562,y,velocity,18,19,None,MixCalibration,938
0.5283351,x,velocity,18,19,None,deepDomainComfuse,938
0.615768,y,velocity,18,19,None,deepDomainComfuse,938
0.6030934,x,velocity,18,19,None,domainAdversarial,938
0.6765629,y,velocity,18,19,None,domainAdversarial,938
0.5803559,x,velocity,18,19,None,Finetune,1875
0.7086282,y,velocity,18,19,None,Finetune,1875
0.3000062,x,velocity,18,19,None,MixCalibration,1875
0.5240137,y,velocity,18,19,None,MixCalibration,1875
0.5676896,x,velocity,18,19,None,deepDomainComfuse,1875
0.7142055,y,velocity,18,19,None,deepDomainComfuse,1875
0.62824166,x,velocity,18,19,None,domainAdversarial,1875
0.7653682,y,velocity,18,19,None,domainAdversarial,1875
0.6150496,x,velocity,18,19,None,Finetune,2813
0.7561481,y,velocity,18,19,None,Finetune,2813
0.3054282,x,velocity,18,19,None,MixCalibration,2813
0.6239735,y,velocity,18,19,None,MixCalibration,2813
0.6370168,x,velocity,18,19,None,deepDomainComfuse,2813
0.775605,y,velocity,18,19,None,deepDomainComfuse,2813
0.661767,x,velocity,18,19,None,domainAdversarial,2813
0.79428774,y,velocity,18,19,None,domainAdversarial,2813
0.63767684,x,velocity,18,19,None,Finetune,3750
0.78886354,y,velocity,18,19,None,Finetune,3750
0.31222308,x,velocity,18,19,None,MixCalibration,3750
0.51590997,y,velocity,18,19,None,MixCalibration,3750
0.66995835,x,velocity,18,19,None,deepDomainComfuse,3750
0.8004854,y,velocity,18,19,None,deepDomainComfuse,3750
0.67907584,x,velocity,18,19,None,domainAdversarial,3750
0.81765527,y,velocity,18,19,None,domainAdversarial,3750
0.66521394,x,velocity,18,19,None,Finetune,4688
0.79569817,y,velocity,18,19,None,Finetune,4688
0.30473053,x,velocity,18,19,None,MixCalibration,4688
0.5563929,y,velocity,18,19,None,MixCalibration,4688
0.70324844,x,velocity,18,19,None,deepDomainComfuse,4688
0.8045622,y,velocity,18,19,None,deepDomainComfuse,4688
0.68098676,x,velocity,18,19,None,domainAdversarial,4688
0.8329619,y,velocity,18,19,None,domainAdversarial,4688
0.5663128,x,velocity,19,20,None,Finetune,938
0.6639931,y,velocity,19,20,None,Finetune,938
0.54824305,x,velocity,19,20,None,MixCalibration,938
0.6792914,y,velocity,19,20,None,MixCalibration,938
0.5414288,x,velocity,19,20,None,deepDomainComfuse,938
0.6600889,y,velocity,19,20,None,deepDomainComfuse,938
0.6175822,x,velocity,19,20,None,domainAdversarial,938
0.7253946,y,velocity,19,20,None,domainAdversarial,938
0.67112744,x,velocity,19,20,None,Finetune,1875
0.7301564,y,velocity,19,20,None,Finetune,1875
0.527865,x,velocity,19,20,None,MixCalibration,1875
0.68870604,y,velocity,19,20,None,MixCalibration,1875
0.652151,x,velocity,19,20,None,deepDomainComfuse,1875
0.7343676,y,velocity,19,20,None,deepDomainComfuse,1875
0.7020277,x,velocity,19,20,None,domainAdversarial,1875
0.7625029,y,velocity,19,20,None,domainAdversarial,1875
0.69226223,x,velocity,19,20,None,Finetune,2813
0.77947783,y,velocity,19,20,None,Finetune,2813
0.5298375,x,velocity,19,20,None,MixCalibration,2813
0.6948596,y,velocity,19,20,None,MixCalibration,2813
0.69770324,x,velocity,19,20,None,deepDomainComfuse,2813
0.7891246,y,velocity,19,20,None,deepDomainComfuse,2813
0.7023405,x,velocity,19,20,None,domainAdversarial,2813
0.81912804,y,velocity,19,20,None,domainAdversarial,2813
0.6896515,x,velocity,19,20,None,Finetune,3750
0.7819961,y,velocity,19,20,None,Finetune,3750
0.5716597,x,velocity,19,20,None,MixCalibration,3750
0.68333113,y,velocity,19,20,None,MixCalibration,3750
0.6976541,x,velocity,19,20,None,deepDomainComfuse,3750
0.7970854,y,velocity,19,20,None,deepDomainComfuse,3750
0.74057066,x,velocity,19,20,None,domainAdversarial,3750
0.8196715,y,velocity,19,20,None,domainAdversarial,3750
0.7334636,x,velocity,19,20,None,Finetune,4688
0.7953059,y,velocity,19,20,None,Finetune,4688
0.48002362,x,velocity,19,20,None,MixCalibration,4688
0.7179179,y,velocity,19,20,None,MixCalibration,4688
0.7350415,x,velocity,19,20,None,deepDomainComfuse,4688
0.82054085,y,velocity,19,20,None,deepDomainComfuse,4688
0.753876,x,velocity,19,20,None,domainAdversarial,4688
0.8400598,y,velocity,19,20,None,domainAdversarial,4688
0.27147287,x,velocity,20,21,None,Finetune,938
0.6270921,y,velocity,20,21,None,Finetune,938
0.5252888,x,velocity,20,21,None,MixCalibration,938
0.547495,y,velocity,20,21,None,MixCalibration,938
0.3776269,x,velocity,20,21,None,deepDomainComfuse,938
0.650114,y,velocity,20,21,None,deepDomainComfuse,938
0.4136482,x,velocity,20,21,None,domainAdversarial,938
0.6775384,y,velocity,20,21,None,domainAdversarial,938
0.58974254,x,velocity,20,21,None,Finetune,1875
0.7534412,y,velocity,20,21,None,Finetune,1875
0.5786221,x,velocity,20,21,None,MixCalibration,1875
0.60083294,y,velocity,20,21,None,MixCalibration,1875
0.6485883,x,velocity,20,21,None,deepDomainComfuse,1875
0.754683,y,velocity,20,21,None,deepDomainComfuse,1875
0.65380013,x,velocity,20,21,None,domainAdversarial,1875
0.78925633,y,velocity,20,21,None,domainAdversarial,1875
0.6783688,x,velocity,20,21,None,Finetune,2813
0.7702509,y,velocity,20,21,None,Finetune,2813
0.5930227,x,velocity,20,21,None,MixCalibration,2813
0.5921477,y,velocity,20,21,None,MixCalibration,2813
0.68186665,x,velocity,20,21,None,deepDomainComfuse,2813
0.76897615,y,velocity,20,21,None,deepDomainComfuse,2813
0.7155338,x,velocity,20,21,None,domainAdversarial,2813
0.8164358,y,velocity,20,21,None,domainAdversarial,2813
0.7052312,x,velocity,20,21,None,Finetune,3750
0.7664959,y,velocity,20,21,None,Finetune,3750
0.5104271,x,velocity,20,21,None,MixCalibration,3750
0.5703865,y,velocity,20,21,None,MixCalibration,3750
0.74334854,x,velocity,20,21,None,deepDomainComfuse,3750
0.76967686,y,velocity,20,21,None,deepDomainComfuse,3750
0.75787723,x,velocity,20,21,None,domainAdversarial,3750
0.80403465,y,velocity,20,21,None,domainAdversarial,3750
0.71612775,x,velocity,20,21,None,Finetune,4688
0.76868606,y,velocity,20,21,None,Finetune,4688
0.53188634,x,velocity,20,21,None,MixCalibration,4688
0.49231339,y,velocity,20,21,None,MixCalibration,4688
0.73468894,x,velocity,20,21,None,deepDomainComfuse,4688
0.7756767,y,velocity,20,21,None,deepDomainComfuse,4688
0.7816994,x,velocity,20,21,None,domainAdversarial,4688
0.80753154,y,velocity,20,21,None,domainAdversarial,4688
0.5795727,x,velocity,21,22,None,Finetune,938
0.7084512,y,velocity,21,22,None,Finetune,938
0.011457622,x,velocity,21,22,None,MixCalibration,938
-0.12847805,y,velocity,21,22,None,MixCalibration,938
0.51645184,x,velocity,21,22,None,deepDomainComfuse,938
0.6711482,y,velocity,21,22,None,deepDomainComfuse,938
0.54704964,x,velocity,21,22,None,domainAdversarial,938
0.6799445,y,velocity,21,22,None,domainAdversarial,938
0.6433418,x,velocity,21,22,None,Finetune,1875
0.75806653,y,velocity,21,22,None,Finetune,1875
0.034030497,x,velocity,21,22,None,MixCalibration,1875
-0.039383292,y,velocity,21,22,None,MixCalibration,1875
0.6062679,x,velocity,21,22,None,deepDomainComfuse,1875
0.74844515,y,velocity,21,22,None,deepDomainComfuse,1875
0.6531763,x,velocity,21,22,None,domainAdversarial,1875
0.7769333,y,velocity,21,22,None,domainAdversarial,1875
0.65710056,x,velocity,21,22,None,Finetune,2813
0.7746853,y,velocity,21,22,None,Finetune,2813
-0.0034526587,x,velocity,21,22,None,MixCalibration,2813
-0.057293534,y,velocity,21,22,None,MixCalibration,2813
0.6239865,x,velocity,21,22,None,deepDomainComfuse,2813
0.7587689,y,velocity,21,22,None,deepDomainComfuse,2813
0.6629249,x,velocity,21,22,None,domainAdversarial,2813
0.8032239,y,velocity,21,22,None,domainAdversarial,2813
0.6634922,x,velocity,21,22,None,Finetune,3750
0.77154195,y,velocity,21,22,None,Finetune,3750
-0.015907288,x,velocity,21,22,None,MixCalibration,3750
-0.10701704,y,velocity,21,22,None,MixCalibration,3750
0.67038935,x,velocity,21,22,None,deepDomainComfuse,3750
0.7800764,y,velocity,21,22,None,deepDomainComfuse,3750
0.7003578,x,velocity,21,22,None,domainAdversarial,3750
0.79585826,y,velocity,21,22,None,domainAdversarial,3750
0.68114066,x,velocity,21,22,None,Finetune,4688
0.7925036,y,velocity,21,22,None,Finetune,4688
-0.010519862,x,velocity,21,22,None,MixCalibration,4688
-0.09306693,y,velocity,21,22,None,MixCalibration,4688
0.68457246,x,velocity,21,22,None,deepDomainComfuse,4688
0.7945183,y,velocity,21,22,None,deepDomainComfuse,4688
0.7074834,x,velocity,21,22,None,domainAdversarial,4688
0.81399083,y,velocity,21,22,None,domainAdversarial,4688
0.4353807,x,velocity,22,23,None,Finetune,938
0.7109112,y,velocity,22,23,None,Finetune,938
-0.37353182,x,velocity,22,23,None,MixCalibration,938
-0.18605423,y,velocity,22,23,None,MixCalibration,938
0.40233958,x,velocity,22,23,None,deepDomainComfuse,938
0.66565084,y,velocity,22,23,None,deepDomainComfuse,938
0.28941053,x,velocity,22,23,None,domainAdversarial,938
0.5486127,y,velocity,22,23,None,domainAdversarial,938
0.5430084,x,velocity,22,23,None,Finetune,1875
0.73968315,y,velocity,22,23,None,Finetune,1875
-0.45308888,x,velocity,22,23,None,MixCalibration,1875
-0.60319245,y,velocity,22,23,None,MixCalibration,1875
0.51051086,x,velocity,22,23,None,deepDomainComfuse,1875
0.70915467,y,velocity,22,23,None,deepDomainComfuse,1875
0.5944041,x,velocity,22,23,None,domainAdversarial,1875
0.74111027,y,velocity,22,23,None,domainAdversarial,1875
0.61322004,x,velocity,22,23,None,Finetune,2813
0.7324351,y,velocity,22,23,None,Finetune,2813
-0.23157454,x,velocity,22,23,None,MixCalibration,2813
-0.054977298,y,velocity,22,23,None,MixCalibration,2813
0.6195327,x,velocity,22,23,None,deepDomainComfuse,2813
0.7607255,y,velocity,22,23,None,deepDomainComfuse,2813
0.6686675,x,velocity,22,23,None,domainAdversarial,2813
0.78719395,y,velocity,22,23,None,domainAdversarial,2813
0.65954137,x,velocity,22,23,None,Finetune,3750
0.76945645,y,velocity,22,23,None,Finetune,3750
-0.56764686,x,velocity,22,23,None,MixCalibration,3750
-0.49543238,y,velocity,22,23,None,MixCalibration,3750
0.6680012,x,velocity,22,23,None,deepDomainComfuse,3750
0.7704674,y,velocity,22,23,None,deepDomainComfuse,3750
0.70068574,x,velocity,22,23,None,domainAdversarial,3750
0.783489,y,velocity,22,23,None,domainAdversarial,3750
0.7056496,x,velocity,22,23,None,Finetune,4688
0.79393494,y,velocity,22,23,None,Finetune,4688
-0.38832784,x,velocity,22,23,None,MixCalibration,4688
-0.44893134,y,velocity,22,23,None,MixCalibration,4688
0.6982907,x,velocity,22,23,None,deepDomainComfuse,4688
0.79606295,y,velocity,22,23,None,deepDomainComfuse,4688
0.74835193,x,velocity,22,23,None,domainAdversarial,4688
0.8206791,y,velocity,22,23,None,domainAdversarial,4688
0.6367172,x,velocity,23,24,None,Finetune,938
0.73447555,y,velocity,23,24,None,Finetune,938
0.4752736,x,velocity,23,24,None,MixCalibration,938
0.58306515,y,velocity,23,24,None,MixCalibration,938
0.5909281,x,velocity,23,24,None,deepDomainComfuse,938
0.7054442,y,velocity,23,24,None,deepDomainComfuse,938
0.6516455,x,velocity,23,24,None,domainAdversarial,938
0.76207596,y,velocity,23,24,None,domainAdversarial,938
0.694133,x,velocity,23,24,None,Finetune,1875
0.76192087,y,velocity,23,24,None,Finetune,1875
0.47289592,x,velocity,23,24,None,MixCalibration,1875
0.5200455,y,velocity,23,24,None,MixCalibration,1875
0.66482484,x,velocity,23,24,None,deepDomainComfuse,1875
0.73693883,y,velocity,23,24,None,deepDomainComfuse,1875
0.67919517,x,velocity,23,24,None,domainAdversarial,1875
0.767659,y,velocity,23,24,None,domainAdversarial,1875
0.7088203,x,velocity,23,24,None,Finetune,2813
0.7961665,y,velocity,23,24,None,Finetune,2813
0.5011759,x,velocity,23,24,None,MixCalibration,2813
0.5245513,y,velocity,23,24,None,MixCalibration,2813
0.69119024,x,velocity,23,24,None,deepDomainComfuse,2813
0.7688935,y,velocity,23,24,None,deepDomainComfuse,2813
0.70716584,x,velocity,23,24,None,domainAdversarial,2813
0.82830274,y,velocity,23,24,None,domainAdversarial,2813
0.73917186,x,velocity,23,24,None,Finetune,3750
0.8317263,y,velocity,23,24,None,Finetune,3750
0.4661247,x,velocity,23,24,None,MixCalibration,3750
0.42145085,y,velocity,23,24,None,MixCalibration,3750
0.72875714,x,velocity,23,24,None,deepDomainComfuse,3750
0.82276624,y,velocity,23,24,None,deepDomainComfuse,3750
0.74178743,x,velocity,23,24,None,domainAdversarial,3750
0.8333818,y,velocity,23,24,None,domainAdversarial,3750
0.7638818,x,velocity,23,24,None,Finetune,4688
0.8286604,y,velocity,23,24,None,Finetune,4688
0.47356725,x,velocity,23,24,None,MixCalibration,4688
0.51373446,y,velocity,23,24,None,MixCalibration,4688
0.75348544,x,velocity,23,24,None,deepDomainComfuse,4688
0.8443639,y,velocity,23,24,None,deepDomainComfuse,4688
0.7847755,x,velocity,23,24,None,domainAdversarial,4688
0.86366916,y,velocity,23,24,None,domainAdversarial,4688
0.63183284,x,velocity,24,25,None,Finetune,938
0.7101698,y,velocity,24,25,None,Finetune,938
0.36635733,x,velocity,24,25,None,MixCalibration,938
0.33522195,y,velocity,24,25,None,MixCalibration,938
0.52374953,x,velocity,24,25,None,deepDomainComfuse,938
0.63208985,y,velocity,24,25,None,deepDomainComfuse,938
0.5220421,x,velocity,24,25,None,domainAdversarial,938
0.6963027,y,velocity,24,25,None,domainAdversarial,938
0.6477394,x,velocity,24,25,None,Finetune,1875
0.78254277,y,velocity,24,25,None,Finetune,1875
0.45208776,x,velocity,24,25,None,MixCalibration,1875
0.5512168,y,velocity,24,25,None,MixCalibration,1875
0.6090175,x,velocity,24,25,None,deepDomainComfuse,1875
0.7416196,y,velocity,24,25,None,deepDomainComfuse,1875
0.6554679,x,velocity,24,25,None,domainAdversarial,1875
0.7624699,y,velocity,24,25,None,domainAdversarial,1875
0.6264678,x,velocity,24,25,None,Finetune,2813
0.76231503,y,velocity,24,25,None,Finetune,2813
0.43504345,x,velocity,24,25,None,MixCalibration,2813
0.47723836,y,velocity,24,25,None,MixCalibration,2813
0.6217777,x,velocity,24,25,None,deepDomainComfuse,2813
0.7553868,y,velocity,24,25,None,deepDomainComfuse,2813
0.6612568,x,velocity,24,25,None,domainAdversarial,2813
0.7980266,y,velocity,24,25,None,domainAdversarial,2813
0.67882836,x,velocity,24,25,None,Finetune,3750
0.80218107,y,velocity,24,25,None,Finetune,3750
0.3950529,x,velocity,24,25,None,MixCalibration,3750
0.5085385,y,velocity,24,25,None,MixCalibration,3750
0.6576849,x,velocity,24,25,None,deepDomainComfuse,3750
0.7753963,y,velocity,24,25,None,deepDomainComfuse,3750
0.7110974,x,velocity,24,25,None,domainAdversarial,3750
0.8082346,y,velocity,24,25,None,domainAdversarial,3750
0.7254505,x,velocity,24,25,None,Finetune,4688
0.8177786,y,velocity,24,25,None,Finetune,4688
0.37172848,x,velocity,24,25,None,MixCalibration,4688
0.4475103,y,velocity,24,25,None,MixCalibration,4688
0.6908965,x,velocity,24,25,None,deepDomainComfuse,4688
0.7972715,y,velocity,24,25,None,deepDomainComfuse,4688
0.7838463,x,velocity,24,25,None,domainAdversarial,4688
0.84223735,y,velocity,24,25,None,domainAdversarial,4688
0.62351644,x,velocity,25,26,None,Finetune,938
0.6934151,y,velocity,25,26,None,Finetune,938
0.5524539,x,velocity,25,26,None,MixCalibration,938
0.5488428,y,velocity,25,26,None,MixCalibration,938
0.6222094,x,velocity,25,26,None,deepDomainComfuse,938
0.6367846,y,velocity,25,26,None,deepDomainComfuse,938
0.6345894,x,velocity,25,26,None,domainAdversarial,938
0.7271732,y,velocity,25,26,None,domainAdversarial,938
0.67427623,x,velocity,25,26,None,Finetune,1875
0.7752987,y,velocity,25,26,None,Finetune,1875
0.5591121,x,velocity,25,26,None,MixCalibration,1875
0.5663108,y,velocity,25,26,None,MixCalibration,1875
0.6856596,x,velocity,25,26,None,deepDomainComfuse,1875
0.7577261,y,velocity,25,26,None,deepDomainComfuse,1875
0.6111778,x,velocity,25,26,None,domainAdversarial,1875
0.6597154,y,velocity,25,26,None,domainAdversarial,1875
0.70215005,x,velocity,25,26,None,Finetune,2813
0.77163684,y,velocity,25,26,None,Finetune,2813
0.5997808,x,velocity,25,26,None,MixCalibration,2813
0.60261637,y,velocity,25,26,None,MixCalibration,2813
0.7297802,x,velocity,25,26,None,deepDomainComfuse,2813
0.7650947,y,velocity,25,26,None,deepDomainComfuse,2813
0.76559365,x,velocity,25,26,None,domainAdversarial,2813
0.81958175,y,velocity,25,26,None,domainAdversarial,2813
0.7335055,x,velocity,25,26,None,Finetune,3750
0.80517864,y,velocity,25,26,None,Finetune,3750
0.6020029,x,velocity,25,26,None,MixCalibration,3750
0.44862235,y,velocity,25,26,None,MixCalibration,3750
0.75450075,x,velocity,25,26,None,deepDomainComfuse,3750
0.8148744,y,velocity,25,26,None,deepDomainComfuse,3750
0.7568872,x,velocity,25,26,None,domainAdversarial,3750
0.8403733,y,velocity,25,26,None,domainAdversarial,3750
0.7511675,x,velocity,25,26,None,Finetune,4688
0.8127438,y,velocity,25,26,None,Finetune,4688
0.5480974,x,velocity,25,26,None,MixCalibration,4688
0.6090358,y,velocity,25,26,None,MixCalibration,4688
0.75463253,x,velocity,25,26,None,deepDomainComfuse,4688
0.8279948,y,velocity,25,26,None,deepDomainComfuse,4688
0.7824336,x,velocity,25,26,None,domainAdversarial,4688
0.845503,y,velocity,25,26,None,domainAdversarial,4688
0.6359516,x,velocity,26,27,None,Finetune,938
0.7255585,y,velocity,26,27,None,Finetune,938
0.5488493,x,velocity,26,27,None,MixCalibration,938
0.7219399,y,velocity,26,27,None,MixCalibration,938
0.5752523,x,velocity,26,27,None,deepDomainComfuse,938
0.7141026,y,velocity,26,27,None,deepDomainComfuse,938
0.66953325,x,velocity,26,27,None,domainAdversarial,938
0.7719017,y,velocity,26,27,None,domainAdversarial,938
0.7143034,x,velocity,26,27,None,Finetune,1875
0.7666862,y,velocity,26,27,None,Finetune,1875
0.5830014,x,velocity,26,27,None,MixCalibration,1875
0.7382373,y,velocity,26,27,None,MixCalibration,1875
0.72194016,x,velocity,26,27,None,deepDomainComfuse,1875
0.7706357,y,velocity,26,27,None,deepDomainComfuse,1875
0.75861853,x,velocity,26,27,None,domainAdversarial,1875
0.7863982,y,velocity,26,27,None,domainAdversarial,1875
0.75647205,x,velocity,26,27,None,Finetune,2813
0.8246805,y,velocity,26,27,None,Finetune,2813
0.52259815,x,velocity,26,27,None,MixCalibration,2813
0.6622604,y,velocity,26,27,None,MixCalibration,2813
0.7576251,x,velocity,26,27,None,deepDomainComfuse,2813
0.80749923,y,velocity,26,27,None,deepDomainComfuse,2813
0.77683127,x,velocity,26,27,None,domainAdversarial,2813
0.8148963,y,velocity,26,27,None,domainAdversarial,2813
0.7739761,x,velocity,26,27,None,Finetune,3750
0.8308697,y,velocity,26,27,None,Finetune,3750
0.5345961,x,velocity,26,27,None,MixCalibration,3750
0.665189,y,velocity,26,27,None,MixCalibration,3750
0.789783,x,velocity,26,27,None,deepDomainComfuse,3750
0.8365782,y,velocity,26,27,None,deepDomainComfuse,3750
0.8064064,x,velocity,26,27,None,domainAdversarial,3750
0.84845644,y,velocity,26,27,None,domainAdversarial,3750
0.76572204,x,velocity,26,27,None,Finetune,4688
0.83981174,y,velocity,26,27,None,Finetune,4688
0.55358744,x,velocity,26,27,None,MixCalibration,4688
0.6582552,y,velocity,26,27,None,MixCalibration,4688
0.7933474,x,velocity,26,27,None,deepDomainComfuse,4688
0.8564361,y,velocity,26,27,None,deepDomainComfuse,4688
0.79156035,x,velocity,26,27,None,domainAdversarial,4688
0.856894,y,velocity,26,27,None,domainAdversarial,4688
0.49711126,x,velocity,27,28,None,Finetune,938
0.6404668,y,velocity,27,28,None,Finetune,938
0.47956294,x,velocity,27,28,None,MixCalibration,938
0.7024384,y,velocity,27,28,None,MixCalibration,938
0.45489436,x,velocity,27,28,None,deepDomainComfuse,938
0.61314356,y,velocity,27,28,None,deepDomainComfuse,938
0.527655,x,velocity,27,28,None,domainAdversarial,938
0.64730936,y,velocity,27,28,None,domainAdversarial,938
0.60997456,x,velocity,27,28,None,Finetune,1875
0.73213685,y,velocity,27,28,None,Finetune,1875
0.52349573,x,velocity,27,28,None,MixCalibration,1875
0.7179496,y,velocity,27,28,None,MixCalibration,1875
0.588294,x,velocity,27,28,None,deepDomainComfuse,1875
0.7052814,y,velocity,27,28,None,deepDomainComfuse,1875
0.67145294,x,velocity,27,28,None,domainAdversarial,1875
0.7644175,y,velocity,27,28,None,domainAdversarial,1875
0.66630906,x,velocity,27,28,None,Finetune,2813
0.7455423,y,velocity,27,28,None,Finetune,2813
0.57058895,x,velocity,27,28,None,MixCalibration,2813
0.72219765,y,velocity,27,28,None,MixCalibration,2813
0.68241376,x,velocity,27,28,None,deepDomainComfuse,2813
0.759538,y,velocity,27,28,None,deepDomainComfuse,2813
0.7111894,x,velocity,27,28,None,domainAdversarial,2813
0.78450024,y,velocity,27,28,None,domainAdversarial,2813
0.7196842,x,velocity,27,28,None,Finetune,3750
0.7720636,y,velocity,27,28,None,Finetune,3750
0.53106916,x,velocity,27,28,None,MixCalibration,3750
0.70473534,y,velocity,27,28,None,MixCalibration,3750
0.70967937,x,velocity,27,28,None,deepDomainComfuse,3750
0.7794945,y,velocity,27,28,None,deepDomainComfuse,3750
0.74254537,x,velocity,27,28,None,domainAdversarial,3750
0.7932304,y,velocity,27,28,None,domainAdversarial,3750
0.6910511,x,velocity,27,28,None,Finetune,4688
0.76764953,y,velocity,27,28,None,Finetune,4688
0.4912849,x,velocity,27,28,None,MixCalibration,4688
0.6691845,y,velocity,27,28,None,MixCalibration,4688
0.7058534,x,velocity,27,28,None,deepDomainComfuse,4688
0.79574025,y,velocity,27,28,None,deepDomainComfuse,4688
0.7291255,x,velocity,27,28,None,domainAdversarial,4688
0.81107557,y,velocity,27,28,None,domainAdversarial,4688
0.1464951,x,velocity,28,29,None,Finetune,938
0.37168854,y,velocity,28,29,None,Finetune,938
0.14086306,x,velocity,28,29,None,MixCalibration,938
0.3623109,y,velocity,28,29,None,MixCalibration,938
0.0995273,x,velocity,28,29,None,deepDomainComfuse,938
0.31117213,y,velocity,28,29,None,deepDomainComfuse,938
0.064986944,x,velocity,28,29,None,domainAdversarial,938
0.27380043,y,velocity,28,29,None,domainAdversarial,938
0.1833722,x,velocity,28,29,None,Finetune,1875
0.35992765,y,velocity,28,29,None,Finetune,1875
0.15778619,x,velocity,28,29,None,MixCalibration,1875
0.3465278,y,velocity,28,29,None,MixCalibration,1875
0.16816312,x,velocity,28,29,None,deepDomainComfuse,1875
0.3250246,y,velocity,28,29,None,deepDomainComfuse,1875
0.30359298,x,velocity,28,29,None,domainAdversarial,1875
0.45329106,y,velocity,28,29,None,domainAdversarial,1875
0.29118246,x,velocity,28,29,None,Finetune,2813
0.511168,y,velocity,28,29,None,Finetune,2813
0.17636102,x,velocity,28,29,None,MixCalibration,2813
0.37215585,y,velocity,28,29,None,MixCalibration,2813
0.30428773,x,velocity,28,29,None,deepDomainComfuse,2813
0.55562925,y,velocity,28,29,None,deepDomainComfuse,2813
0.3690186,x,velocity,28,29,None,domainAdversarial,2813
0.602394,y,velocity,28,29,None,domainAdversarial,2813
0.44376493,x,velocity,28,29,None,Finetune,3750
0.64352655,y,velocity,28,29,None,Finetune,3750
0.18590248,x,velocity,28,29,None,MixCalibration,3750
0.3399943,y,velocity,28,29,None,MixCalibration,3750
0.43281114,x,velocity,28,29,None,deepDomainComfuse,3750
0.6073145,y,velocity,28,29,None,deepDomainComfuse,3750
0.47825158,x,velocity,28,29,None,domainAdversarial,3750
0.6619575,y,velocity,28,29,None,domainAdversarial,3750
0.5057908,x,velocity,28,29,None,Finetune,4688
0.66354954,y,velocity,28,29,None,Finetune,4688
0.17221642,x,velocity,28,29,None,MixCalibration,4688
0.3316769,y,velocity,28,29,None,MixCalibration,4688
0.5675984,x,velocity,28,29,None,deepDomainComfuse,4688
0.6863761,y,velocity,28,29,None,deepDomainComfuse,4688
0.5833456,x,velocity,28,29,None,domainAdversarial,4688
0.7145679,y,velocity,28,29,None,domainAdversarial,4688
0.47168934,x,velocity,29,30,None,Finetune,938
0.67897075,y,velocity,29,30,None,Finetune,938
0.025567055,x,velocity,29,30,None,MixCalibration,938
0.13086307,y,velocity,29,30,None,MixCalibration,938
0.36890143,x,velocity,29,30,None,deepDomainComfuse,938
0.55698967,y,velocity,29,30,None,deepDomainComfuse,938
0.5322629,x,velocity,29,30,None,domainAdversarial,938
0.6051712,y,velocity,29,30,None,domainAdversarial,938
0.52246886,x,velocity,29,30,None,Finetune,1875
0.6793649,y,velocity,29,30,None,Finetune,1875
0.039155185,x,velocity,29,30,None,MixCalibration,1875
0.06205523,y,velocity,29,30,None,MixCalibration,1875
0.51125133,x,velocity,29,30,None,deepDomainComfuse,1875
0.6723187,y,velocity,29,30,None,deepDomainComfuse,1875
0.5087708,x,velocity,29,30,None,domainAdversarial,1875
0.7143318,y,velocity,29,30,None,domainAdversarial,1875
0.5873575,x,velocity,29,30,None,Finetune,2813
0.75741434,y,velocity,29,30,None,Finetune,2813
0.03737414,x,velocity,29,30,None,MixCalibration,2813
0.09153867,y,velocity,29,30,None,MixCalibration,2813
0.5862962,x,velocity,29,30,None,deepDomainComfuse,2813
0.74724346,y,velocity,29,30,None,deepDomainComfuse,2813
0.6351769,x,velocity,29,30,None,domainAdversarial,2813
0.786078,y,velocity,29,30,None,domainAdversarial,2813
0.66947865,x,velocity,29,30,None,Finetune,3750
0.8203041,y,velocity,29,30,None,Finetune,3750
0.031975687,x,velocity,29,30,None,MixCalibration,3750
0.06984836,y,velocity,29,30,None,MixCalibration,3750
0.65108,x,velocity,29,30,None,deepDomainComfuse,3750
0.81836367,y,velocity,29,30,None,deepDomainComfuse,3750
0.69004965,x,velocity,29,30,None,domainAdversarial,3750
0.8414041,y,velocity,29,30,None,domainAdversarial,3750
0.7080953,x,velocity,29,30,None,Finetune,4688
0.8343032,y,velocity,29,30,None,Finetune,4688
0.026554406,x,velocity,29,30,None,MixCalibration,4688
0.10509324,y,velocity,29,30,None,MixCalibration,4688
0.7077862,x,velocity,29,30,None,deepDomainComfuse,4688
0.8241946,y,velocity,29,30,None,deepDomainComfuse,4688
0.75573444,x,velocity,29,30,None,domainAdversarial,4688
0.86419237,y,velocity,29,30,None,domainAdversarial,4688
0.6050398,x,velocity,30,31,None,Finetune,938
0.74100745,y,velocity,30,31,None,Finetune,938
0.5528573,x,velocity,30,31,None,MixCalibration,938
0.67896724,y,velocity,30,31,None,MixCalibration,938
0.5603571,x,velocity,30,31,None,deepDomainComfuse,938
0.7155646,y,velocity,30,31,None,deepDomainComfuse,938
0.6326754,x,velocity,30,31,None,domainAdversarial,938
0.7958331,y,velocity,30,31,None,domainAdversarial,938
0.6876421,x,velocity,30,31,None,Finetune,1875
0.77653176,y,velocity,30,31,None,Finetune,1875
0.5773152,x,velocity,30,31,None,MixCalibration,1875
0.70562637,y,velocity,30,31,None,MixCalibration,1875
0.6531466,x,velocity,30,31,None,deepDomainComfuse,1875
0.76657486,y,velocity,30,31,None,deepDomainComfuse,1875
0.7142693,x,velocity,30,31,None,domainAdversarial,1875
0.7922131,y,velocity,30,31,None,domainAdversarial,1875
0.7012918,x,velocity,30,31,None,Finetune,2813
0.8023821,y,velocity,30,31,None,Finetune,2813
0.55501556,x,velocity,30,31,None,MixCalibration,2813
0.6105881,y,velocity,30,31,None,MixCalibration,2813
0.65547705,x,velocity,30,31,None,deepDomainComfuse,2813
0.79963374,y,velocity,30,31,None,deepDomainComfuse,2813
0.74603856,x,velocity,30,31,None,domainAdversarial,2813
0.83982974,y,velocity,30,31,None,domainAdversarial,2813
0.6773103,x,velocity,30,31,None,Finetune,3750
0.81596506,y,velocity,30,31,None,Finetune,3750
0.6439346,x,velocity,30,31,None,MixCalibration,3750
0.68750167,y,velocity,30,31,None,MixCalibration,3750
0.6653379,x,velocity,30,31,None,deepDomainComfuse,3750
0.79345095,y,velocity,30,31,None,deepDomainComfuse,3750
0.7311091,x,velocity,30,31,None,domainAdversarial,3750
0.85399914,y,velocity,30,31,None,domainAdversarial,3750
0.6931145,x,velocity,30,31,None,Finetune,4688
0.8320357,y,velocity,30,31,None,Finetune,4688
0.59642327,x,velocity,30,31,None,MixCalibration,4688
0.6847489,y,velocity,30,31,None,MixCalibration,4688
0.7251153,x,velocity,30,31,None,deepDomainComfuse,4688
0.84558636,y,velocity,30,31,None,deepDomainComfuse,4688
0.7699036,x,velocity,30,31,None,domainAdversarial,4688
0.86827815,y,velocity,30,31,None,domainAdversarial,4688
0.53157085,x,velocity,31,32,None,Finetune,938
0.6312332,y,velocity,31,32,None,Finetune,938
0.36623716,x,velocity,31,32,None,MixCalibration,938
0.5038173,y,velocity,31,32,None,MixCalibration,938
0.5184182,x,velocity,31,32,None,deepDomainComfuse,938
0.6092603,y,velocity,31,32,None,deepDomainComfuse,938
0.5400257,x,velocity,31,32,None,domainAdversarial,938
0.6644572,y,velocity,31,32,None,domainAdversarial,938
0.584658,x,velocity,31,32,None,Finetune,1875
0.67215496,y,velocity,31,32,None,Finetune,1875
0.4041403,x,velocity,31,32,None,MixCalibration,1875
0.48800594,y,velocity,31,32,None,MixCalibration,1875
0.5670923,x,velocity,31,32,None,deepDomainComfuse,1875
0.67238843,y,velocity,31,32,None,deepDomainComfuse,1875
0.640947,x,velocity,31,32,None,domainAdversarial,1875
0.7267935,y,velocity,31,32,None,domainAdversarial,1875
0.59462583,x,velocity,31,32,None,Finetune,2813
0.72559476,y,velocity,31,32,None,Finetune,2813
0.38266927,x,velocity,31,32,None,MixCalibration,2813
0.5178064,y,velocity,31,32,None,MixCalibration,2813
0.58202666,x,velocity,31,32,None,deepDomainComfuse,2813
0.72053957,y,velocity,31,32,None,deepDomainComfuse,2813
0.6400598,x,velocity,31,32,None,domainAdversarial,2813
0.7390213,y,velocity,31,32,None,domainAdversarial,2813
0.59584653,x,velocity,31,32,None,Finetune,3750
0.72671664,y,velocity,31,32,None,Finetune,3750
0.40015614,x,velocity,31,32,None,MixCalibration,3750
0.48604918,y,velocity,31,32,None,MixCalibration,3750
0.5690825,x,velocity,31,32,None,deepDomainComfuse,3750
0.7102107,y,velocity,31,32,None,deepDomainComfuse,3750
0.66475147,x,velocity,31,32,None,domainAdversarial,3750
0.77773464,y,velocity,31,32,None,domainAdversarial,3750
0.6161534,x,velocity,31,32,None,Finetune,4688
0.7419271,y,velocity,31,32,None,Finetune,4688
0.39974517,x,velocity,31,32,None,MixCalibration,4688
0.4369312,y,velocity,31,32,None,MixCalibration,4688
0.6385863,x,velocity,31,32,None,deepDomainComfuse,4688
0.72666633,y,velocity,31,32,None,deepDomainComfuse,4688
0.6868035,x,velocity,31,32,None,domainAdversarial,4688
0.80563,y,velocity,31,32,None,domainAdversarial,4688
0.5741395,x,velocity,32,33,None,Finetune,938
0.6256423,y,velocity,32,33,None,Finetune,938
0.5395845,x,velocity,32,33,None,MixCalibration,938
0.56034374,y,velocity,32,33,None,MixCalibration,938
0.55504334,x,velocity,32,33,None,deepDomainComfuse,938
0.6131541,y,velocity,32,33,None,deepDomainComfuse,938
0.6485156,x,velocity,32,33,None,domainAdversarial,938
0.68360054,y,velocity,32,33,None,domainAdversarial,938
0.6355392,x,velocity,32,33,None,Finetune,1875
0.68824726,y,velocity,32,33,None,Finetune,1875
0.49275625,x,velocity,32,33,None,MixCalibration,1875
0.61124384,y,velocity,32,33,None,MixCalibration,1875
0.6442658,x,velocity,32,33,None,deepDomainComfuse,1875
0.6941234,y,velocity,32,33,None,deepDomainComfuse,1875
0.7138438,x,velocity,32,33,None,domainAdversarial,1875
0.74311894,y,velocity,32,33,None,domainAdversarial,1875
0.6948982,x,velocity,32,33,None,Finetune,2813
0.74278337,y,velocity,32,33,None,Finetune,2813
0.57449174,x,velocity,32,33,None,MixCalibration,2813
0.57633734,y,velocity,32,33,None,MixCalibration,2813
0.7016804,x,velocity,32,33,None,deepDomainComfuse,2813
0.7414681,y,velocity,32,33,None,deepDomainComfuse,2813
0.71028554,x,velocity,32,33,None,domainAdversarial,2813
0.7614922,y,velocity,32,33,None,domainAdversarial,2813
0.703282,x,velocity,32,33,None,Finetune,3750
0.75757986,y,velocity,32,33,None,Finetune,3750
0.49204385,x,velocity,32,33,None,MixCalibration,3750
0.4780379,y,velocity,32,33,None,MixCalibration,3750
0.71104777,x,velocity,32,33,None,deepDomainComfuse,3750
0.75700873,y,velocity,32,33,None,deepDomainComfuse,3750
0.757172,x,velocity,32,33,None,domainAdversarial,3750
0.79322726,y,velocity,32,33,None,domainAdversarial,3750
0.7329122,x,velocity,32,33,None,Finetune,4688
0.7914096,y,velocity,32,33,None,Finetune,4688
0.58074254,x,velocity,32,33,None,MixCalibration,4688
0.58264405,y,velocity,32,33,None,MixCalibration,4688
0.73070264,x,velocity,32,33,None,deepDomainComfuse,4688
0.7745087,y,velocity,32,33,None,deepDomainComfuse,4688
0.77059114,x,velocity,32,33,None,domainAdversarial,4688
0.820205,y,velocity,32,33,None,domainAdversarial,4688
0.6190999,x,velocity,33,34,None,Finetune,938
0.66011655,y,velocity,33,34,None,Finetune,938
-0.3588053,x,velocity,33,34,None,MixCalibration,938
-0.021410704,y,velocity,33,34,None,MixCalibration,938
0.546896,x,velocity,33,34,None,deepDomainComfuse,938
0.6283734,y,velocity,33,34,None,deepDomainComfuse,938
0.6602434,x,velocity,33,34,None,domainAdversarial,938
0.7719331,y,velocity,33,34,None,domainAdversarial,938
0.7288033,x,velocity,33,34,None,Finetune,1875
0.78910685,y,velocity,33,34,None,Finetune,1875
-0.26168227,x,velocity,33,34,None,MixCalibration,1875
-0.11278558,y,velocity,33,34,None,MixCalibration,1875
0.6522295,x,velocity,33,34,None,deepDomainComfuse,1875
0.7386381,y,velocity,33,34,None,deepDomainComfuse,1875
0.7453309,x,velocity,33,34,None,domainAdversarial,1875
0.802793,y,velocity,33,34,None,domainAdversarial,1875
0.75431633,x,velocity,33,34,None,Finetune,2813
0.8267273,y,velocity,33,34,None,Finetune,2813
-0.31865525,x,velocity,33,34,None,MixCalibration,2813
0.017468572,y,velocity,33,34,None,MixCalibration,2813
0.71557516,x,velocity,33,34,None,deepDomainComfuse,2813
0.8002051,y,velocity,33,34,None,deepDomainComfuse,2813
0.7464217,x,velocity,33,34,None,domainAdversarial,2813
0.8358542,y,velocity,33,34,None,domainAdversarial,2813
0.76049936,x,velocity,33,34,None,Finetune,3750
0.8407776,y,velocity,33,34,None,Finetune,3750
-0.5781814,x,velocity,33,34,None,MixCalibration,3750
-0.03485322,y,velocity,33,34,None,MixCalibration,3750
0.7620388,x,velocity,33,34,None,deepDomainComfuse,3750
0.8447969,y,velocity,33,34,None,deepDomainComfuse,3750
0.7623851,x,velocity,33,34,None,domainAdversarial,3750
0.8368926,y,velocity,33,34,None,domainAdversarial,3750
0.79079306,x,velocity,33,34,None,Finetune,4688
0.84783256,y,velocity,33,34,None,Finetune,4688
-0.54359126,x,velocity,33,34,None,MixCalibration,4688
0.0816108,y,velocity,33,34,None,MixCalibration,4688
0.76211643,x,velocity,33,34,None,deepDomainComfuse,4688
0.85066426,y,velocity,33,34,None,deepDomainComfuse,4688
0.7993239,x,velocity,33,34,None,domainAdversarial,4688
0.86194247,y,velocity,33,34,None,domainAdversarial,4688
0.49121392,x,velocity,34,35,None,Finetune,938
0.63241386,y,velocity,34,35,None,Finetune,938
-0.82737744,x,velocity,34,35,None,MixCalibration,938
-0.430452,y,velocity,34,35,None,MixCalibration,938
0.46455902,x,velocity,34,35,None,deepDomainComfuse,938
0.5781952,y,velocity,34,35,None,deepDomainComfuse,938
0.51141393,x,velocity,34,35,None,domainAdversarial,938
0.5500304,y,velocity,34,35,None,domainAdversarial,938
0.6525721,x,velocity,34,35,None,Finetune,1875
0.7045934,y,velocity,34,35,None,Finetune,1875
-0.4147104,x,velocity,34,35,None,MixCalibration,1875
-0.47021616,y,velocity,34,35,None,MixCalibration,1875
0.62147605,x,velocity,34,35,None,deepDomainComfuse,1875
0.6620854,y,velocity,34,35,None,deepDomainComfuse,1875
0.6970408,x,velocity,34,35,None,domainAdversarial,1875
0.7131269,y,velocity,34,35,None,domainAdversarial,1875
0.6925415,x,velocity,34,35,None,Finetune,2813
0.72716665,y,velocity,34,35,None,Finetune,2813
-0.62008464,x,velocity,34,35,None,MixCalibration,2813
-0.47423613,y,velocity,34,35,None,MixCalibration,2813
0.658455,x,velocity,34,35,None,deepDomainComfuse,2813
0.7257695,y,velocity,34,35,None,deepDomainComfuse,2813
0.69463384,x,velocity,34,35,None,domainAdversarial,2813
0.7309804,y,velocity,34,35,None,domainAdversarial,2813
0.67217153,x,velocity,34,35,None,Finetune,3750
0.7508491,y,velocity,34,35,None,Finetune,3750
-0.42453623,x,velocity,34,35,None,MixCalibration,3750
-0.6128485,y,velocity,34,35,None,MixCalibration,3750
0.6890724,x,velocity,34,35,None,deepDomainComfuse,3750
0.7551727,y,velocity,34,35,None,deepDomainComfuse,3750
0.74256045,x,velocity,34,35,None,domainAdversarial,3750
0.7676415,y,velocity,34,35,None,domainAdversarial,3750
0.71512276,x,velocity,34,35,None,Finetune,4688
0.7734858,y,velocity,34,35,None,Finetune,4688
-0.7044455,x,velocity,34,35,None,MixCalibration,4688
-0.4134239,y,velocity,34,35,None,MixCalibration,4688
0.712916,x,velocity,34,35,None,deepDomainComfuse,4688
0.7706995,y,velocity,34,35,None,deepDomainComfuse,4688
0.76039857,x,velocity,34,35,None,domainAdversarial,4688
0.7920238,y,velocity,34,35,None,domainAdversarial,4688
0.655622,x,velocity,35,36,None,Finetune,938
0.65705454,y,velocity,35,36,None,Finetune,938
0.5508512,x,velocity,35,36,None,MixCalibration,938
0.62801933,y,velocity,35,36,None,MixCalibration,938
0.60954225,x,velocity,35,36,None,deepDomainComfuse,938
0.612322,y,velocity,35,36,None,deepDomainComfuse,938
0.6548095,x,velocity,35,36,None,domainAdversarial,938
0.68275857,y,velocity,35,36,None,domainAdversarial,938
0.6788275,x,velocity,35,36,None,Finetune,1875
0.71055794,y,velocity,35,36,None,Finetune,1875
0.5799763,x,velocity,35,36,None,MixCalibration,1875
0.6520742,y,velocity,35,36,None,MixCalibration,1875
0.66371757,x,velocity,35,36,None,deepDomainComfuse,1875
0.7004832,y,velocity,35,36,None,deepDomainComfuse,1875
0.7212826,x,velocity,35,36,None,domainAdversarial,1875
0.74366385,y,velocity,35,36,None,domainAdversarial,1875
0.68792784,x,velocity,35,36,None,Finetune,2813
0.71417534,y,velocity,35,36,None,Finetune,2813
0.5331389,x,velocity,35,36,None,MixCalibration,2813
0.63805985,y,velocity,35,36,None,MixCalibration,2813
0.6855729,x,velocity,35,36,None,deepDomainComfuse,2813
0.72589016,y,velocity,35,36,None,deepDomainComfuse,2813
0.73876035,x,velocity,35,36,None,domainAdversarial,2813
0.77847236,y,velocity,35,36,None,domainAdversarial,2813
0.7034575,x,velocity,35,36,None,Finetune,3750
0.7610241,y,velocity,35,36,None,Finetune,3750
0.5729581,x,velocity,35,36,None,MixCalibration,3750
0.58728397,y,velocity,35,36,None,MixCalibration,3750
0.7150231,x,velocity,35,36,None,deepDomainComfuse,3750
0.76579463,y,velocity,35,36,None,deepDomainComfuse,3750
0.73531616,x,velocity,35,36,None,domainAdversarial,3750
0.7245828,y,velocity,35,36,None,domainAdversarial,3750
0.732327,x,velocity,35,36,None,Finetune,4688
0.76074713,y,velocity,35,36,None,Finetune,4688
0.48916608,x,velocity,35,36,None,MixCalibration,4688
0.6245349,y,velocity,35,36,None,MixCalibration,4688
0.73609555,x,velocity,35,36,None,deepDomainComfuse,4688
0.76376414,y,velocity,35,36,None,deepDomainComfuse,4688
0.758258,x,velocity,35,36,None,domainAdversarial,4688
0.7845098,y,velocity,35,36,None,domainAdversarial,4688
